{
    "data_entry": "1 1 11 11",
    "steps": [
        {
            "step": 0,
            "Prompt": "Input: 2 8 8 14\nPossible next steps:\n2 + 8 = 10 (left: 8 10 14)\n8 / 2 = 4 (left: 4 8 14)\n14 + 2 = 16 (left: 8 8 16)\n2 * 8 = 16 (left: 8 14 16)\n8 - 2 = 6 (left: 6 8 14)\n14 - 8 = 6 (left: 2 6 8)\n14 /  2 = 7 (left: 7 8 8)\n14 - 2 = 12 (left: 8 8 12)\nInput: 1 1 11 11\nPossible next steps:\n",
            "raw_output_prop": [],
            "raw_output_eval": [],
            "thought_variation": {
                "": [
                    15.47934701507071
                ],
                "1 +  1 = 9 (left: 1 11 11)": [
                    8.778129916601294
                ],
                "9 /  1 = 11 (left: 1 11 11)": [
                    17.172099800307738
                ],
                "9 /  + 1 = 11 (left: 9 11 11)": [
                    13.947663213158219
                ],
                "11 + 8 = 7 (left: 11 8 11)": [
                    1.8844527804051028
                ],
                "6 / 2 = 10 (left: 6 10 8 11)": [
                    19.51247141038348
                ],
                "12 + 2 = 6 (left: 2 6 8 11)": [
                    15.223032900105068
                ]
            }
        },
        {
            "step": 1,
            "Prompt": "Input: 2 8 8 14\nPossible next steps:\n2 + 8 = 10 (left: 8 10 14)\n8 / 2 = 4 (left: 4 8 14)\n14 + 2 = 16 (left: 8 8 16)\n2 * 8 = 16 (left: 8 14 16)\n8 - 2 = 6 (left: 6 8 14)\n14 - 8 = 6 (left: 2 6 8)\n14 /  2 = 7 (left: 7 8 8)\n14 - 2 = 12 (left: 8 8 12)\nInput: 9 11 11\nPossible next steps:\n",
            "raw_output_prop": [],
            "raw_output_eval": [],
            "thought_variation": {
                "": [
                    15.47934701507071
                ],
                "9 + 10 = 4 (left: 9 10 14)": [
                    8.778129916601294
                ],
                "8 / 2 = 8 (left: 8 10 14)": [
                    17.172099800307738
                ],
                "8 / 4 = 5 (left: 5 8 12)": [
                    13.947663213158219
                ],
                "9 + 8 = 18 (left: 9 9 11)": [
                    1.8844527804051028
                ],
                "18 / 2 = 4 (left: 4 8 14)": [
                    19.51247141038348
                ],
                "4 - 2 = 12 (left: 4 8 12)": [
                    15.223032900105068
                ]
            }
        },
        {
            "step": 2,
            "Prompt": "Input: 2 8 8 14\nPossible next steps:\n2 + 8 = 10 (left: 8 10 14)\n8 / 2 = 4 (left: 4 8 14)\n14 + 2 = 16 (left: 8 8 16)\n2 * 8 = 16 (left: 8 14 16)\n8 - 2 = 6 (left: 6 8 14)\n14 - 8 = 6 (left: 2 6 8)\n14 /  2 = 7 (left: 7 8 8)\n14 - 2 = 12 (left: 8 8 12)\nInput: 4 8 12\nPossible next steps:\n",
            "raw_output_prop": [],
            "raw_output_eval": [],
            "thought_variation": {
                "": [],
                "+ 16 (left: 8 8 16)": [],
                "8 / 2 = 8 (left: 8 8 16)": [],
                "16 - 8 = 2 (left: 8 8 16)": [],
                "2 * 8 = 24 (left: 8 8 24)": [],
                "4 + 8 = 16 (left: 4 8 16)": [],
                "4 / 2 = 6 (left: 2 6 8 8)": [],
                "6 + 2 = 8 (left: 4 8 8 6)": []
            }
        }
    ]
}
